SKU,Qty
1002225,2
2048304,1
2070110,1
2071010,1
2093320,1
2260112,0
2332351,0
2342167,2
2342460,5
2342470,2
2342475,4
2342490,1
2347120,1
2347160,1
2347180,3
2347190,2
2351113,0
2351126,0
2351150,0
2351180,0
2351195,0
2351216,0
2352040,3
258610,89
3400257,20
3402022,21
3402040,1
3403320,1
3403330,1
3403340,1
3403370,1
3403460,1
3408001,1
3408035,2
3408300,2
3410313,1
3410920,1
3410940,1
3410960,1
3411197,20
3411310,1
3411320,1
3411340,2
3413155,10
3415410,1
3420660,1
3425220,1
3430330,1
3430635,1
3433370,1
3433542,1
3433550,1
3433555,1
3433620,2
3437000,1
3437101,1
4007360,1
4010393,1
4010495,1
4020410,1
4020415,1
4020430,1
4020440,1
4020460,1
4020590,1
4020610,1
4020660,1
4138965,2
4139087,3
4139099,2
4139100,1
4139130,3
4140135,2
4140750,1
4173771,0
4173773,1
4250690,1
4250715,2
4257785,2
4257790,2
4257795,1
4257880,1
4257890,2
4257935,3
4257940,2
4257959,1
4257980,4
4257990,4
4257992,2
4258002,1
4258237,3
4258478,5
4258508,0
4258545,2
4258550,1
4258555,2
4258561,2
4258565,1
4258621,6
4258682,1
4258760,1
4258770,1
4259844,2
4259848,2
4259930,1
4259945,1
4259955,0
4259960,2
4260020,1
4260025,1
4260040,1
4261010,3
4300295,3
4300370,1
4300380,1
4300866,1
4300877,1
4300880,1
4300890,1
4301185,1
4301295,0
4308055,1
4309047,1
4312110,1
4321135,5
4321140,2
4321145,1
4321157,2
4321200,5
4321209,3
4321260,4
4321270,3
4326180,2
4326310,1
4326315,2
4331005,3
4331040,6
4331050,1
4331100,1
4331207,1
4331210,2
4331220,2
4331225,4
4340450,1
4340510,2
4340515,2
4345310,2
4345325,1
4345400,1
4345405,2
4350410,1
4350630,2
4350640,2
4350730,7
4350735,2
4350740,2
4350800,1
4412559,2
4412632,1
4418008,2
4419169,1
4419330,1
4419360,2
4419380,2
4419925,1
4430619,2
4430870,2
4430880,3
4430885,3
4430890,1
4430971,3
4430985,0
4431140,8
4431144,2
4431155,5
4431160,3
4431175,3
4432000,2
4460560,2
4460708,1
4460730,1
4461000,3
4462000,1
4462005,1
4462010,1
4462020,1
4464255,1
4465155,3
4465170,3
4465190,4
4465195,1
4466154,4
4466245,2
4466260,2
4499924,1
4499940,2
4500163,0
4500174,0
4500191,0
4500192,0
4500196,0
4500197,0
4501710,20
4501753,0
4501754,0
4501760,1
4501761,1
4501780,1
4502118,2
4503139,1
4504215,2
4504216,2
4510030,1
4510034,6
4510040,2
4510070,6
4510080,5
4510085,3
4510151,0
4510170,0
4511437,1
4511489,1
4511526,1
4511600,1
4511618,2
4511627,4
4512102,1
4512112,2
4512113,0
4513442,9
4513812,3
4513887,6
4513900,6
4513914,3
4513942,7
4513960,3
4513970,1
4513995,3
4513997,7
4514115,2
4514148,3
4514155,0
4514172,3
4514175,2
4514180,1
4514205,8
4514210,7
4514260,3
4514265,3
4514270,3
4514290,4
4514300,5
4514305,8
4514310,5
4514315,3
4514320,1
4520179,2
4520195,3
4520500,4
4520592,3
4520597,3
4522170,2
4522200,1
4522250,2
4540011,0
4540014,0
4540015,0
4540019,0
4540020,0
4540021,0
4600010,1
4600040,2
4609990,1
49081505,0
512004,2
